{
  "A1": [
    1.0125838810269325,
    -5.818145356931805
  ],
  "A2": [
    1.7335039262275682,
    -1.7329317674615368
  ],
  "A3": [
    8.771056748424247,
    -8.221212174267258
  ],
  "_image_transform": {
    "type": "scale_origin",
    "ppm": 88.4021246948781,
    "origin_pixel": [
      119.46103896103898,
      94.9913419913421
    ],
    "origin_world": [
      0.0,
      0.0
    ],
    "image_shape": [
      1124,
      1207
    ],
    "image_file": "floorplan.png"
  }
}