{
  "A1": [
    0.23828482559868736,
    0.09431022702018499
  ],
  "A2": [
    0.27154433086057406,
    5.316052553136441
  ],
  "A3": [
    3.7637923833587044,
    2.1896590585190645
  ],
  "A4": [
    4.229425457025122,
    7.544439405682867
  ],
  "_image_transform": {
    "type": "scale_origin",
    "ppm": 91.43628316715989,
    "origin_pixel": [
      64.72077922077926,
      1019.4935064935066
    ],
    "origin_world": [
      0.0,
      0.0
    ],
    "image_shape": [
      1124,
      1207
    ],
    "image_file": "floorplan.png"
  }
}